{
  "builders": [
    {
      "boot_command": [
        "<esc><wait>",
        "install",
        " auto",
        " url=http://{{ .HTTPIP }}:{{ .HTTPPort }}/{{ user `preseed` }}",
        " debian-installer=en_US",
        " locale=en_US",
        " keymap=us",
        " netcfg/get_hostname=vagrant",
        " netcfg/get_domain=vm ",
        "<enter>"
      ],
      "disk_size": "{{ user `disk_size` }}",
      "guest_os_type": "{{ user `vmware_guest_os_type` }}",
      "headless": "{{ user `headless` }}",
      "http_directory": "http",
      "iso_checksum": "{{user `iso_checksum`}}",
      "iso_checksum_type": "{{user `iso_checksum_type`}}",
      "iso_urls": [
        "{{ user `iso_path` }}/{{ user `iso_name` }}",
        "{{ user `iso_url` }}"
      ],
      "output_directory": "output-{{ user `vm_name` }}-vmware-iso",
      "shutdown_command": "echo 'vagrant'|sudo -S shutdown -h now",
      "ssh_password": "{{ user `ssh_password` }}",
      "ssh_username": "{{ user `ssh_username` }}",
      "ssh_wait_timeout": "10000s",
      "tools_upload_flavor": "linux",
      "type": "vmware-iso",
      "vm_name": "{{ user `vm_name` }}",
      "vmx_data": {
        "memsize": "{{ user `memory` }}",
        "numvcpus": "{{ user `cpus` }}"
      }
    },
    {
      "boot_command": [
        "<esc><wait>",
        "install",
        " auto",
        " url=http://{{ .HTTPIP }}:{{ .HTTPPort }}/{{ user `preseed` }}",
        " debian-installer=en_US",
        " locale=en_US",
        " keymap=us",
        " netcfg/get_hostname=vagrant",
        " netcfg/get_domain=vm ",
        "<enter>"
      ],
      "disk_size": "{{ user `disk_size` }}",
      "guest_additions_path": "VBoxGuestAdditions_{{.Version}}.iso",
      "guest_os_type": "{{ user `virtualbox_guest_os_type` }}",
      "headless": "{{ user `headless` }}",
      "http_directory": "http",
      "iso_checksum": "{{ user `iso_checksum` }}",
      "iso_checksum_type": "{{ user `iso_checksum_type` }}",
      "iso_urls": [
        "{{ user `iso_path` }}/{{ user `iso_name` }}",
        "{{ user `iso_url` }}"
      ],
      "output_directory": "output-{{ user `vm_name` }}-virtualbox-iso",
      "post_shutdown_delay": "1m",
      "shutdown_command": "echo 'vagrant'|sudo -S shutdown -h now",
      "ssh_password": "{{ user `ssh_password` }}",
      "ssh_username": "{{ user `ssh_username` }}",
      "ssh_wait_timeout": "10000s",
      "type": "virtualbox-iso",
      "vboxmanage": [
        [
          "modifyvm", "{{.Name}}", "--memory", "{{ user `memory` }}"
        ],
        [
          "modifyvm", "{{.Name}}", "--cpus", "{{ user `cpus` }}"
        ]
      ],
      "virtualbox_version_file": ".vbox_version",
      "vm_name": "{{ user `vm_name` }}"
    },
    {
      "boot_command": [
        "<esc><wait>",
        "install",
        " auto",
        " url=http://{{ .HTTPIP }}:{{ .HTTPPort }}/{{ user `preseed` }}",
        " debian-installer=en_US",
        " locale=en_US",
        " keymap=us",
        " netcfg/get_hostname=vagrant",
        " netcfg/get_domain=vm ",
        "<enter>"
      ],
      "disk_size": "{{ user `disk_size` }}",
      "guest_os_type": "{{ user `parallels_guest_os_type` }}",
      "http_directory": "http",
      "iso_checksum": "{{ user `iso_checksum` }}",
      "iso_checksum_type": "{{ user `iso_checksum_type` }}",
      "iso_urls": [
        "{{ user `iso_path` }}/{{ user `iso_name` }}",
        "{{ user `iso_url` }}"
      ],
      "output_directory": "output-{{ user `vm_name` }}-parallels-iso",
      "parallels_tools_flavor": "lin",
      "prlctl": [
        [
          "set", "{{.Name}}", "--memsize", "{{ user `memory` }}"
        ],
        [
          "set", "{{.Name}}", "--cpus", "{{ user `cpus` }}"
        ]
      ],
      "prlctl_version_file": ".prlctl_version",
      "shutdown_command": "echo 'vagrant'|sudo -S shutdown -h now",
      "ssh_password": "{{ user `ssh_password` }}",
      "ssh_username": "{{ user `ssh_username` }}",
      "ssh_wait_timeout": "10000s",
      "type": "parallels-iso",
      "vm_name": "{{ user `vm_name` }}"
    }
  ],
  "post-processors": [
    {
      "keep_input_artifact": false,
      "output": "box/{{.Provider}}/{{ user `vm_name` }}-{{ user `version` }}.box",
      "type": "vagrant",
      "vagrantfile_template": "{{ user `vagrantfile_template` }}"
    }
  ],
  "provisioners": [
    {
      "environment_vars": [
        "DESKTOP={{user `desktop`}}",
        "REMOVE_DOCS={{user `remove_docs`}}",
        "UPDATE={{user `update`}}",
        "INSTALL_VAGRANT_KEY={{user `install_vagrant_key`}}",
        "SSH_USERNAME={{user `ssh_username`}}",
        "SSH_PASSWORD={{user `ssh_password`}}",
        "http_proxy={{user `http_proxy`}}",
        "https_proxy={{user `https_proxy`}}",
        "ftp_proxy={{user `ftp_proxy`}}",
        "rsync_proxy={{user `rsync_proxy`}}",
        "no_proxy={{user `no_proxy`}}"
      ],
      "execute_command": "echo 'vagrant' | {{.Vars}} sudo -E -S bash '{{.Path}}'",
      "scripts": [
        "script/remove-cdrom-sources.sh",
        "script/systemd.sh",
        "script/update.sh",
        "script/desktop.sh",
        "script/vagrant.sh",
        "script/vmware.sh",
        "script/virtualbox.sh",
        "script/parallels.sh",
        "script/motd.sh",
        "custom-script.sh",
        "script/minimize.sh",
        "script/cleanup.sh"
      ],
      "type": "shell",
      "pause_before": "10s",
      "expect_disconnect": "true"
    }
  ],
  "variables": {
    "cpus": "1",
    "desktop": "false",
    "disk_size": "65536",
    "ftp_proxy": "{{env `ftp_proxy`}}",
    "headless": "",
    "http_proxy": "{{env `http_proxy`}}",
    "https_proxy": "{{env `https_proxy`}}",
    "install_vagrant_key": "true",
    "iso_checksum": "40f51a36b39c180fe46d7393e5a3a3985072ffc2",
    "iso_checksum_type": "sha1",
    "iso_name": "debian-8.2.0-amd64-DVD-1.iso",
    "iso_path": "/Volumes/Storage/software/debian",
    "iso_url": "iso/debian-8.2.0-amd64-DVD-1.iso",
    "memory": "512",
    "no_proxy": "{{env `no_proxy`}}",
    "parallels_guest_os_type": "debian",
    "preseed": "preseed-jessie.cfg",
    "rsync_proxy": "{{env `rsync_proxy`}}",
    "remove_docs": "true",
    "ssh_password": "vagrant",
    "ssh_username": "vagrant",
    "update": "false",
    "vagrantfile_template": "",
    "version": "0.1.0",
    "virtualbox_guest_os_type": "Debian_64",
    "vm_name": "debian82",
    "vmware_guest_os_type": "debian8-64"
  }
}
